time_s,scenario_name,action_type,status,detail,payload
30,CPRForceScaleMax,CardiacArrestData,APPLIED,Action accepted by backend,"{""State"": ""On""}"
40,CPRForceScaleMax,ChestCompressionForceScaleData,APPLIED,Action accepted by backend,"{""ForcePeriod"": {""unit"": ""s"", ""value"": 0.2}, ""ForceScale"": {""unit"": null, ""value"": 1.0}}"
41,CPRForceScaleMax,ChestCompressionForceScaleData,APPLIED,Action accepted by backend,"{""ForcePeriod"": {""unit"": ""s"", ""value"": 0.2}, ""ForceScale"": {""unit"": null, ""value"": 1.0}}"
42,CPRForceScaleMax,ChestCompressionForceScaleData,APPLIED,Action accepted by backend,"{""ForcePeriod"": {""unit"": ""s"", ""value"": 0.2}, ""ForceScale"": {""unit"": null, ""value"": 1.0}}"
43,CPRForceScaleMax,ChestCompressionForceScaleData,APPLIED,Action accepted by backend,"{""ForcePeriod"": {""unit"": ""s"", ""value"": 0.2}, ""ForceScale"": {""unit"": null, ""value"": 1.0}}"
44,CPRForceScaleMax,ChestCompressionForceScaleData,APPLIED,Action accepted by backend,"{""ForcePeriod"": {""unit"": ""s"", ""value"": 0.2}, ""ForceScale"": {""unit"": null, ""value"": 1.0}}"
45,CPRForceScaleMax,ChestCompressionForceScaleData,APPLIED,Action accepted by backend,"{""ForcePeriod"": {""unit"": ""s"", ""value"": 0.2}, ""ForceScale"": {""unit"": null, ""value"": 1.0}}"
46,CPRForceScaleMax,ChestCompressionForceScaleData,APPLIED,Action accepted by backend,"{""ForcePeriod"": {""unit"": ""s"", ""value"": 0.2}, ""ForceScale"": {""unit"": null, ""value"": 1.0}}"
47,CPRForceScaleMax,ChestCompressionForceScaleData,APPLIED,Action accepted by backend,"{""ForcePeriod"": {""unit"": ""s"", ""value"": 0.2}, ""ForceScale"": {""unit"": null, ""value"": 1.0}}"
48,CPRForceScaleMax,ChestCompressionForceScaleData,APPLIED,Action accepted by backend,"{""ForcePeriod"": {""unit"": ""s"", ""value"": 0.2}, ""ForceScale"": {""unit"": null, ""value"": 1.0}}"
49,CPRForceScaleMax,ChestCompressionForceScaleData,APPLIED,Action accepted by backend,"{""ForcePeriod"": {""unit"": ""s"", ""value"": 0.2}, ""ForceScale"": {""unit"": null, ""value"": 1.0}}"
50,CPRForceScaleMax,ChestCompressionForceScaleData,APPLIED,Action accepted by backend,"{""ForcePeriod"": {""unit"": ""s"", ""value"": 0.2}, ""ForceScale"": {""unit"": null, ""value"": 1.0}}"
51,CPRForceScaleMax,ChestCompressionForceScaleData,APPLIED,Action accepted by backend,"{""ForcePeriod"": {""unit"": ""s"", ""value"": 0.2}, ""ForceScale"": {""unit"": null, ""value"": 1.0}}"
52,CPRForceScaleMax,ChestCompressionForceScaleData,APPLIED,Action accepted by backend,"{""ForcePeriod"": {""unit"": ""s"", ""value"": 0.2}, ""ForceScale"": {""unit"": null, ""value"": 1.0}}"
53,CPRForceScaleMax,ChestCompressionForceScaleData,APPLIED,Action accepted by backend,"{""ForcePeriod"": {""unit"": ""s"", ""value"": 0.2}, ""ForceScale"": {""unit"": null, ""value"": 1.0}}"
54,CPRForceScaleMax,ChestCompressionForceScaleData,APPLIED,Action accepted by backend,"{""ForcePeriod"": {""unit"": ""s"", ""value"": 0.2}, ""ForceScale"": {""unit"": null, ""value"": 1.0}}"
55,CPRForceScaleMax,ChestCompressionForceScaleData,APPLIED,Action accepted by backend,"{""ForcePeriod"": {""unit"": ""s"", ""value"": 0.2}, ""ForceScale"": {""unit"": null, ""value"": 1.0}}"
56,CPRForceScaleMax,ChestCompressionForceScaleData,APPLIED,Action accepted by backend,"{""ForcePeriod"": {""unit"": ""s"", ""value"": 0.2}, ""ForceScale"": {""unit"": null, ""value"": 1.0}}"
57,CPRForceScaleMax,ChestCompressionForceScaleData,APPLIED,Action accepted by backend,"{""ForcePeriod"": {""unit"": ""s"", ""value"": 0.2}, ""ForceScale"": {""unit"": null, ""value"": 1.0}}"
58,CPRForceScaleMax,ChestCompressionForceScaleData,APPLIED,Action accepted by backend,"{""ForcePeriod"": {""unit"": ""s"", ""value"": 0.2}, ""ForceScale"": {""unit"": null, ""value"": 1.0}}"
59,CPRForceScaleMax,ChestCompressionForceScaleData,APPLIED,Action accepted by backend,"{""ForcePeriod"": {""unit"": ""s"", ""value"": 0.2}, ""ForceScale"": {""unit"": null, ""value"": 1.0}}"
60,CPRForceScaleMax,ChestCompressionForceScaleData,APPLIED,Action accepted by backend,"{""ForcePeriod"": {""unit"": ""s"", ""value"": 0.2}, ""ForceScale"": {""unit"": null, ""value"": 1.0}}"
61,CPRForceScaleMax,ChestCompressionForceScaleData,APPLIED,Action accepted by backend,"{""ForcePeriod"": {""unit"": ""s"", ""value"": 0.2}, ""ForceScale"": {""unit"": null, ""value"": 1.0}}"
62,CPRForceScaleMax,ChestCompressionForceScaleData,APPLIED,Action accepted by backend,"{""ForcePeriod"": {""unit"": ""s"", ""value"": 0.2}, ""ForceScale"": {""unit"": null, ""value"": 1.0}}"
63,CPRForceScaleMax,ChestCompressionForceScaleData,APPLIED,Action accepted by backend,"{""ForcePeriod"": {""unit"": ""s"", ""value"": 0.2}, ""ForceScale"": {""unit"": null, ""value"": 1.0}}"
64,CPRForceScaleMax,ChestCompressionForceScaleData,APPLIED,Action accepted by backend,"{""ForcePeriod"": {""unit"": ""s"", ""value"": 0.2}, ""ForceScale"": {""unit"": null, ""value"": 1.0}}"
65,CPRForceScaleMax,ChestCompressionForceScaleData,APPLIED,Action accepted by backend,"{""ForcePeriod"": {""unit"": ""s"", ""value"": 0.2}, ""ForceScale"": {""unit"": null, ""value"": 1.0}}"
66,CPRForceScaleMax,ChestCompressionForceScaleData,APPLIED,Action accepted by backend,"{""ForcePeriod"": {""unit"": ""s"", ""value"": 0.2}, ""ForceScale"": {""unit"": null, ""value"": 1.0}}"
67,CPRForceScaleMax,ChestCompressionForceScaleData,APPLIED,Action accepted by backend,"{""ForcePeriod"": {""unit"": ""s"", ""value"": 0.2}, ""ForceScale"": {""unit"": null, ""value"": 1.0}}"
68,CPRForceScaleMax,ChestCompressionForceScaleData,APPLIED,Action accepted by backend,"{""ForcePeriod"": {""unit"": ""s"", ""value"": 0.2}, ""ForceScale"": {""unit"": null, ""value"": 1.0}}"
69,CPRForceScaleMax,ChestCompressionForceScaleData,APPLIED,Action accepted by backend,"{""ForcePeriod"": {""unit"": ""s"", ""value"": 0.2}, ""ForceScale"": {""unit"": null, ""value"": 1.0}}"
70,CPRForceScaleMax,ChestCompressionForceScaleData,APPLIED,Action accepted by backend,"{""ForcePeriod"": {""unit"": ""s"", ""value"": 0.2}, ""ForceScale"": {""unit"": null, ""value"": 1.0}}"
71,CPRForceScaleMax,ChestCompressionForceScaleData,APPLIED,Action accepted by backend,"{""ForcePeriod"": {""unit"": ""s"", ""value"": 0.2}, ""ForceScale"": {""unit"": null, ""value"": 1.0}}"
72,CPRForceScaleMax,ChestCompressionForceScaleData,APPLIED,Action accepted by backend,"{""ForcePeriod"": {""unit"": ""s"", ""value"": 0.2}, ""ForceScale"": {""unit"": null, ""value"": 1.0}}"
73,CPRForceScaleMax,ChestCompressionForceScaleData,APPLIED,Action accepted by backend,"{""ForcePeriod"": {""unit"": ""s"", ""value"": 0.2}, ""ForceScale"": {""unit"": null, ""value"": 1.0}}"
74,CPRForceScaleMax,ChestCompressionForceScaleData,APPLIED,Action accepted by backend,"{""ForcePeriod"": {""unit"": ""s"", ""value"": 0.2}, ""ForceScale"": {""unit"": null, ""value"": 1.0}}"
75,CPRForceScaleMax,ChestCompressionForceScaleData,APPLIED,Action accepted by backend,"{""ForcePeriod"": {""unit"": ""s"", ""value"": 0.2}, ""ForceScale"": {""unit"": null, ""value"": 1.0}}"
76,CPRForceScaleMax,ChestCompressionForceScaleData,APPLIED,Action accepted by backend,"{""ForcePeriod"": {""unit"": ""s"", ""value"": 0.2}, ""ForceScale"": {""unit"": null, ""value"": 1.0}}"
77,CPRForceScaleMax,ChestCompressionForceScaleData,APPLIED,Action accepted by backend,"{""ForcePeriod"": {""unit"": ""s"", ""value"": 0.2}, ""ForceScale"": {""unit"": null, ""value"": 1.0}}"
78,CPRForceScaleMax,ChestCompressionForceScaleData,APPLIED,Action accepted by backend,"{""ForcePeriod"": {""unit"": ""s"", ""value"": 0.2}, ""ForceScale"": {""unit"": null, ""value"": 1.0}}"
79,CPRForceScaleMax,ChestCompressionForceScaleData,APPLIED,Action accepted by backend,"{""ForcePeriod"": {""unit"": ""s"", ""value"": 0.2}, ""ForceScale"": {""unit"": null, ""value"": 1.0}}"
80,CPRForceScaleMax,ChestCompressionForceScaleData,APPLIED,Action accepted by backend,"{""ForcePeriod"": {""unit"": ""s"", ""value"": 0.2}, ""ForceScale"": {""unit"": null, ""value"": 1.0}}"
81,CPRForceScaleMax,ChestCompressionForceScaleData,APPLIED,Action accepted by backend,"{""ForcePeriod"": {""unit"": ""s"", ""value"": 0.2}, ""ForceScale"": {""unit"": null, ""value"": 1.0}}"
82,CPRForceScaleMax,ChestCompressionForceScaleData,APPLIED,Action accepted by backend,"{""ForcePeriod"": {""unit"": ""s"", ""value"": 0.2}, ""ForceScale"": {""unit"": null, ""value"": 1.0}}"
83,CPRForceScaleMax,ChestCompressionForceScaleData,APPLIED,Action accepted by backend,"{""ForcePeriod"": {""unit"": ""s"", ""value"": 0.2}, ""ForceScale"": {""unit"": null, ""value"": 1.0}}"
84,CPRForceScaleMax,ChestCompressionForceScaleData,APPLIED,Action accepted by backend,"{""ForcePeriod"": {""unit"": ""s"", ""value"": 0.2}, ""ForceScale"": {""unit"": null, ""value"": 1.0}}"
85,CPRForceScaleMax,ChestCompressionForceScaleData,APPLIED,Action accepted by backend,"{""ForcePeriod"": {""unit"": ""s"", ""value"": 0.2}, ""ForceScale"": {""unit"": null, ""value"": 1.0}}"
86,CPRForceScaleMax,ChestCompressionForceScaleData,APPLIED,Action accepted by backend,"{""ForcePeriod"": {""unit"": ""s"", ""value"": 0.2}, ""ForceScale"": {""unit"": null, ""value"": 1.0}}"
87,CPRForceScaleMax,ChestCompressionForceScaleData,APPLIED,Action accepted by backend,"{""ForcePeriod"": {""unit"": ""s"", ""value"": 0.2}, ""ForceScale"": {""unit"": null, ""value"": 1.0}}"
88,CPRForceScaleMax,ChestCompressionForceScaleData,APPLIED,Action accepted by backend,"{""ForcePeriod"": {""unit"": ""s"", ""value"": 0.2}, ""ForceScale"": {""unit"": null, ""value"": 1.0}}"
89,CPRForceScaleMax,ChestCompressionForceScaleData,APPLIED,Action accepted by backend,"{""ForcePeriod"": {""unit"": ""s"", ""value"": 0.2}, ""ForceScale"": {""unit"": null, ""value"": 1.0}}"
90,CPRForceScaleMax,ChestCompressionForceScaleData,APPLIED,Action accepted by backend,"{""ForcePeriod"": {""unit"": ""s"", ""value"": 0.2}, ""ForceScale"": {""unit"": null, ""value"": 1.0}}"
91,CPRForceScaleMax,ChestCompressionForceScaleData,APPLIED,Action accepted by backend,"{""ForcePeriod"": {""unit"": ""s"", ""value"": 0.2}, ""ForceScale"": {""unit"": null, ""value"": 1.0}}"
92,CPRForceScaleMax,ChestCompressionForceScaleData,APPLIED,Action accepted by backend,"{""ForcePeriod"": {""unit"": ""s"", ""value"": 0.2}, ""ForceScale"": {""unit"": null, ""value"": 1.0}}"
93,CPRForceScaleMax,ChestCompressionForceScaleData,APPLIED,Action accepted by backend,"{""ForcePeriod"": {""unit"": ""s"", ""value"": 0.2}, ""ForceScale"": {""unit"": null, ""value"": 1.0}}"
94,CPRForceScaleMax,ChestCompressionForceScaleData,APPLIED,Action accepted by backend,"{""ForcePeriod"": {""unit"": ""s"", ""value"": 0.2}, ""ForceScale"": {""unit"": null, ""value"": 1.0}}"
95,CPRForceScaleMax,ChestCompressionForceScaleData,APPLIED,Action accepted by backend,"{""ForcePeriod"": {""unit"": ""s"", ""value"": 0.2}, ""ForceScale"": {""unit"": null, ""value"": 1.0}}"
96,CPRForceScaleMax,ChestCompressionForceScaleData,APPLIED,Action accepted by backend,"{""ForcePeriod"": {""unit"": ""s"", ""value"": 0.2}, ""ForceScale"": {""unit"": null, ""value"": 1.0}}"
97,CPRForceScaleMax,ChestCompressionForceScaleData,APPLIED,Action accepted by backend,"{""ForcePeriod"": {""unit"": ""s"", ""value"": 0.2}, ""ForceScale"": {""unit"": null, ""value"": 1.0}}"
98,CPRForceScaleMax,ChestCompressionForceScaleData,APPLIED,Action accepted by backend,"{""ForcePeriod"": {""unit"": ""s"", ""value"": 0.2}, ""ForceScale"": {""unit"": null, ""value"": 1.0}}"
99,CPRForceScaleMax,ChestCompressionForceScaleData,APPLIED,Action accepted by backend,"{""ForcePeriod"": {""unit"": ""s"", ""value"": 0.2}, ""ForceScale"": {""unit"": null, ""value"": 1.0}}"
100,CPRForceScaleMax,ChestCompressionForceScaleData,APPLIED,Action accepted by backend,"{""ForcePeriod"": {""unit"": ""s"", ""value"": 0.2}, ""ForceScale"": {""unit"": null, ""value"": 1.0}}"
101,CPRForceScaleMax,ChestCompressionForceScaleData,APPLIED,Action accepted by backend,"{""ForcePeriod"": {""unit"": ""s"", ""value"": 0.2}, ""ForceScale"": {""unit"": null, ""value"": 1.0}}"
102,CPRForceScaleMax,ChestCompressionForceScaleData,APPLIED,Action accepted by backend,"{""ForcePeriod"": {""unit"": ""s"", ""value"": 0.2}, ""ForceScale"": {""unit"": null, ""value"": 1.0}}"
103,CPRForceScaleMax,ChestCompressionForceScaleData,APPLIED,Action accepted by backend,"{""ForcePeriod"": {""unit"": ""s"", ""value"": 0.2}, ""ForceScale"": {""unit"": null, ""value"": 1.0}}"
104,CPRForceScaleMax,ChestCompressionForceScaleData,APPLIED,Action accepted by backend,"{""ForcePeriod"": {""unit"": ""s"", ""value"": 0.2}, ""ForceScale"": {""unit"": null, ""value"": 1.0}}"
105,CPRForceScaleMax,ChestCompressionForceScaleData,APPLIED,Action accepted by backend,"{""ForcePeriod"": {""unit"": ""s"", ""value"": 0.2}, ""ForceScale"": {""unit"": null, ""value"": 1.0}}"
106,CPRForceScaleMax,ChestCompressionForceScaleData,APPLIED,Action accepted by backend,"{""ForcePeriod"": {""unit"": ""s"", ""value"": 0.2}, ""ForceScale"": {""unit"": null, ""value"": 1.0}}"
107,CPRForceScaleMax,ChestCompressionForceScaleData,APPLIED,Action accepted by backend,"{""ForcePeriod"": {""unit"": ""s"", ""value"": 0.2}, ""ForceScale"": {""unit"": null, ""value"": 1.0}}"
108,CPRForceScaleMax,ChestCompressionForceScaleData,APPLIED,Action accepted by backend,"{""ForcePeriod"": {""unit"": ""s"", ""value"": 0.2}, ""ForceScale"": {""unit"": null, ""value"": 1.0}}"
109,CPRForceScaleMax,ChestCompressionForceScaleData,APPLIED,Action accepted by backend,"{""ForcePeriod"": {""unit"": ""s"", ""value"": 0.2}, ""ForceScale"": {""unit"": null, ""value"": 1.0}}"
